Name,Land,Country,Kontinent,Continent,Adresse,Kategorie,Category,Gewicht,Notiz,Geocoordinates,Elevation,Formatted Address
Montanuni Leoben,Österreich,Austria,Europa,Europe,"Franz‐Josef‐Straße 18, 8700 Leoben",Forschungspartner,Research partner,2,,"47.3846991,15.0929492",540.6587524,"Franz Josef-Straße 18, 8700 Leoben, Austria"
Prime Aerostructures,Österreich,Austria,Europa,Europe,"Am Campus 1, 3400 Klosterneuburg",Forschungspartner,Research partner,1,,"48.3130728,16.25859",268.4777832,"Am Campus 1, 3400 Klosterneuburg, Austria"
Profactor,Österreich,Austria,Europa,Europe,"Im Stadtgut A2, 4407 Steyr‐Gleink",Forschungspartner,Research partner,1,,"48.0715645,14.4301289",308.0925293,"Im Stadtgut Zone A, 4407 Steyr, Austria"
Wild,Österreich,Austria,Europa,Europe,"Wildstraße 4, 9100 Völkermarkt",Forschungspartner,Research partner,1,,"46.6608981,14.6447404",453.8484802,"Wildstraße 4, 9100 Völkermarkt, Austria"
Fotec,Österreich,Austria,Europa,Europe,"Viktor Kaplan‐Straße 2, 2700 Wiener Neustadt",Forschungspartner,Research partner,1,,"47.8373309,16.2526272",268.0038757,"Viktor Kaplan-Straße 2, 2700 Wiener Neustadt, Austria"
TU Wien,Österreich,Austria,Europa,Europe,"Getreidemarkt 9, 1060 Wien",Forschungspartner,Research partner,3,,"48.2004037,16.3616487",180.1858368,"Getreidemarkt 9, 1060 Wien, Austria"
Noble Powder,Österreich,Austria,Europa,Europe,"Peter Tunner‐Straße 19, 8700 Leoben",Forschungspartner,Research partner,1,,"47.3836504,15.0914095",542.4605713,"Peter Tunner-Straße 19, 8700 Leoben, Austria"
CEST,Österreich,Austria,Europa,Europe,"Viktor‐Kaplan‐Straße 2, 2700 Wiener Neustadt",Forschungspartner,Research partner,1,,"47.8373309,16.2526272",268.0038757,"Viktor Kaplan-Straße 2, 2700 Wiener Neustadt, Austria"
RHP-Technology,Österreich,Austria,Europa,Europe,"Forschungszentrum Seibersdorf, Gebäude CA, 2444 Seibersdorf",Forschungspartner,Research partner,1,,"47.97709829999999,16.5093025",184.3267975,"Forschungs- u. Technologiezentrum, Gebäude Ca, 2444 Seibersdorf, Austria"
E. Hawle Amaturenwerke,Österreich,Austria,Europa,Europe,"Wagrainer Straße 13, 4840 Vöcklabruck",Forschungspartner,Research partner,1,,"48.0031342,13.662782",424.7086792,"Wagrainer Str. 13, 4840 Schöndorf, Austria"
Wild Elektronik,Österreich,Austria,Europa,Europe,"Industriestraße 4, 9241 Wernberg",Forschungspartner,Research partner,1,,"46.6203946,13.9432704",577.5400391,"Industriestraße 4, 9241 Wernberg, Austria"
Wien Energie,Österreich,Austria,Europa,Europe,"Thomas‐Klestil‐Platz 14, 1030 Wien",Forschungspartner,Research partner,2,,"48.192051,16.4129976",161.0009003,"Thomas-Klestil-Platz 14, 1030 Wien, Austria"
Joanneum Research,Österreich,Austria,Europa,Europe,"Leonhardstraße 59, 8010 Graz",Forschungspartner,Research partner,2,,"47.0740519,15.4550116",367.9380493,"Leonhardstraße 59, 8010 Graz, Austria"
Amateq GmbH,Österreich,Austria,Europa,Europe,"Untermühlberg 1, 4890 Frankenmarkt",Forschungspartner,Research partner,1,,"47.9902902,13.4461938",508.9734497,"Untermühlberg 1, 4890, Austria"
Schiebel Elektronische Geräte,Österreich,Austria,Europa,Europe,"Margaretenstraße 112, 1050 Wien",Forschungspartner,Research partner,1,,"48.1888586,16.3540467",180.1528778,"Margaretenstraße 112, 1050 Wien, Austria"
Kerkoc,Österreich,Austria,Europa,Europe,"Dirmhirngasse 112, 1230 Wien",Forschungspartner,Research partner,1,,"48.1389826,16.2844772",227.7457886,"Dirmhirngasse 112, 1230 Wien, Austria"
Cubicure,Österreich,Austria,Europa,Europe,"Gutheil‐Schoder‐Gasse 17, 1230 Wien",Forschungspartner,Research partner,1,,"48.1553803,16.3351326",192.1126862,"Gutheil-Schoder-Gasse 17, 1230 Wien, Austria"
Primetals Technologies,Österreich,Austria,Europa,Europe,"Turmstraße 44, 4031 Linz",Forschungspartner,Research partner,1,,"48.27461270000001,14.3218696",257.2145691,"BG47, Turmstraße 44, 4031 Linz, Austria"
Faigle Kunststoffe Gmbh,Österreich,Austria,Europa,Europe,"Landstraße 31, 6971 Hard",Forschungspartner,Research partner,1,,"47.4861466,9.6892684",399.1905212,"Landstraße 31, 6971 Hard, Austria"
Frauenhofer,Österreich,Austria,Europa,Europe,"Theresianumgasse 27, 1040 Wien",Forschungspartner,Research partner,1,,"48.191396,16.3735764",188.0975647,"Theresianumgasse 27, 1040 Wien, Austria"
ASMAG,Österreich,Austria,Europa,Europe,"Liesenwaldstraße 3a, 4644 Scharnstein",Forschungspartner,Research partner,1,,"47.8757807,13.93928",499.8407898,"Liesenwaldstraße 3a, 4644 Mühldorf, Austria"
SIMCharacters,Österreich,Austria,Europa,Europe,"Rüdigergasse 10, 1050 Wien",Forschungspartner,Research partner,1,,"48.1939249,16.3571794",176.703064,"Rüdigergasse 10, 1050 Wien, Austria"
Imerys Technology Center,Österreich,Austria,Europa,Europe,"Seebacher Allee 64, 9524 Villach",Forschungspartner,Research partner,1,,"46.6200765,13.8703514",493.5041809,"Seebacher Allee 64, 9524 Villach, Austria"
AIT,Österreich,Austria,Europa,Europe,"Giefinggasse 4, 1210 Wien",Forschungspartner,Research partner,3,,"48.2693843,16.4266624",162.4521027,"Giefinggasse 4, 1210 Wien, Austria"
Austrian Solar Innovation Center,Österreich,Austria,Europa,Europe,"Franz-Fritsch-Straße 11, 4600 Catfish",Forschungspartner,Research partner,1,,"48.1551615,14.0112881",319.4189148,"Franz-Fritsch-Straße 11, 4600 Wels, Austria"
OFI - Österreichisches Forschungsinstitut für Chemie und Technik,Österreich,Austria,Europa,Europe,"Franz-Grill-Straße 5, Objekt 213, 1030 Wien",Forschungspartner,Research partner,3,,"48.1799967,16.398127",194.1136017,"Franz-Grill-Straße 5/Objekt 213, 1030 Wien, Austria"
Austria Email Aktiengesellschaft,Österreich,Austria,Europa,Europe,"Austriastraße 6, 8720 Knittelfeld",Forschungspartner,Research partner,1,,"47.2143779,14.8346817",629.9070435,"Austriastraße 6, 8720 Knittelfeld, Austria"
IDM-Energiesysteme GmbH,Österreich,Austria,Europa,Europe,"Seblas 16-18, 9971 Matrei in Osttirol",Forschungspartner,Research partner,1,,"46.98081819999999,12.5497713",933.9291382,"Seblas 16/18, 9971 Seblas, Austria"
walterkreisel gmbh,Österreich,Austria,Europa,Europe,"Industriestraße 6, 4240 Freistadt",Forschungspartner,Research partner,1,,"48.4975742,14.4997809",566.4004517,"Industriestraße 6, 4240 Freistadt, Austria"
Software Competence Center Hagenberg GmbH,Österreich,Austria,Europa,Europe,"Softwarepark 21, 4232 Hagenberg",Forschungspartner,Research partner,1,,"48.36871230000001,14.5146152",461.6256104,"Softwarepark 21, 4232 Hagenberg im Mühlkreis, Austria"
WEBWindenergie AG,Österreich,Austria,Europa,Europe,"Davidstraße 1, 3834 Pfaffenschlag bei Waidhofen an der Thaya",Forschungspartner,Research partner,1,,"48.8437358,15.200254",566.7730103,"Davidstraße 1, 3834 Pfaffenschlag bei Waidhofen an der Thaya, Austria"
World-Direct eBusiness solutions Gesellschaft m.b.H.,Österreich,Austria,Europa,Europe,"Lassallestraße 9, 1020 Wien",Forschungspartner,Research partner,1,,"48.2227793,16.3986465",162.1818237,"Lassallestraße 9, 1020 Wien, Austria"
TIWAG-TirolerWasserkraft AG,Österreich,Austria,Europa,Europe,"Eduard-Wallnöfer-Platz 2, 6020 Innsbruck",Forschungspartner,Research partner,1,,"47.2634653,11.3956726",580.4458618,"Eduard-Wallnöfer-Platz 2, 6020 Innsbruck, Austria"
ENAMO GmbH,Österreich,Austria,Europa,Europe,"Böhmerwaldstraße 16, 4020 Linz",Forschungspartner,Research partner,1,,"48.29205260000001,14.2899741",262.1955872,"Böhmerwaldstraße 16, 4020 Linz, Austria"
MS.GIS Informationssysteme Gesellschaft m.b.H.,Österreich,Austria,Europa,Europe,"Bahnhofplatz 1a/1/6, 2340 Mödling",Forschungspartner,Research partner,1,,"48.0858558,16.2940282",219.1954193,"Bahnhofpl. 1a, 2340 Mödling, Austria"
Sonnenplatz Großschönau GmbH,Österreich,Austria,Europa,Europe,"Sonnenplatz 1, 3922 Großschönau",Forschungspartner,Research partner,1,,"48.64819,14.936344",707.6958618,"Sonnenplatz 1, 3922 Großschönau, Austria"
aWATTar GmbH,Österreich,Austria,Europa,Europe,"Schottenfeldgasse 15/19, 1070 Wien",Forschungspartner,Research partner,1,,"48.1980461,16.3434265",203.8771973,"Schottenfeldgasse 15, 1070 Wien, Austria"
FRONIUS INTERNATIONAL GmbH,Österreich,Austria,Europa,Europe,"Froniusstraße 1, 4643 Pettenbach",Forschungspartner,Research partner,2,,"47.9667386,14.0085837",482.2319336,"Froniusstraße 1, 4643 Pettenbach, Austria"
MorphoMedGmbH,Österreich,Austria,Europa,Europe,"Löwengasse 45, 1030 Wien",Forschungspartner,Research partner,2,,"48.2071687,16.3940504",163.4216919,"Löwengasse 45, 1030 Wien, Austria"
BMVIT,Österreich,Austria,Europa,Europe,"Radetzkystraße 2, 1030 Wien",Forschungspartner,Research partner,1,,"48.21091819999999,16.3865828",164.0971222,"Radetzkystraße 2, 1030 Wien, Austria"
ÖBB,Österreich,Austria,Europa,Europe,"Nordbahnstraße 50, 1020 Wien",Forschungspartner,Research partner,1,,"48.2202761,16.3897844",162.93573,"Nordbahnstraße 50, 1020 Wien, Austria"
ASFINAG,Österreich,Austria,Europa,Europe,"Rotenturmstraße 5-9, 1010 Wien",Forschungspartner,Research partner,1,,"48.2095577,16.3729172",174.4488525,"Rotenturmstraße 5-9, 1010 Wien, Austria"
Fachhochschule Kärnten,Österreich,Austria,Europa,Europe,"Villacher Straße 1, 9800 Spittal/Drau",Forschungspartner,Research partner,1,,"46.797386,13.5010815",552.145752,"Villacher Str. 1, 9800 Spittal an der Drau, Austria"
E.C.O. Institut für Ökologie Jungmeier GmbH,Österreich,Austria,Europa,Europe,"Lakeside B07b, 9020 Klagenfurt",Forschungspartner,Research partner,1,,"46.6143966,14.262451",442.865387,"Lakeside B07b, 9020 Klagenfurt am Wörthersee, Austria"
"biohelp - biologischer Pflanzenschutz- Nützlingsproduktions-, Handels- und  Beratungs GmbH",Österreich,Austria,Europa,Europe,"Kapleigasse 16, 1110Wien",Forschungspartner,Research partner,1,,"48.1731735,16.4579819",157.5426788,"Kapleigasse 16/1110Wien, 1110 Wien, Austria"
"DI Michael Fleischmann, MA",Österreich,Austria,Europa,Europe,"Obersulz 110, 2224 Sulz im Weinviertel",Forschungspartner,Research partner,1,,"48.50468600000001,16.6763216",212.8114929,"Obersulz 110, 2224 Obersulz, Austria"
LEADER-Region Niederösterreich Süd - Verein zur Förderung der regionalen Entwicklung,Österreich,Austria,Europa,Europe,"Hauptplatz 1, 2620 Neunkirchen",Forschungspartner,Research partner,1,,"47.7206662,16.0815546",371.3282776,"Hauptpl. 1, 2620 Neunkirchen, Austria"
OPESTRA e.U.,Österreich,Austria,Europa,Europe,"Turmgartengasse 2, 2753 Markt Piesting",Forschungspartner,Research partner,1,,"47.87210169999999,16.129559",347.266571,"Turmgartengasse 2, 2753 Markt Piesting, Austria"
Technologieplattform Smart Grids Austria,Österreich,Austria,Europa,Europe,"Mariahilfer Straße 37-39, 1060 Wien",Forschungspartner,Research partner,2,,"48.20002239999999,16.3562528",196.8192139,"Mariahilfer Str. 37-39, 1060 Wien, Austria"
AICO EDV Beratung Ges.m.b.H.,Österreich,Austria,Europa,Europe,"Schleinbacher Straße 61, 2122 Ulrichskirchen",Forschungspartner,Research partner,1,,"48.4065745,16.4907802",188.0771637,"Schleinbacher Str. 61, 2122 Ulrichskirchen, Austria"
"Tiani ""Spirit"" GmbH",Österreich,Austria,Europa,Europe,"Fasangasse 12, 2102 Bisamberg",Forschungspartner,Research partner,1,,"48.3350318,16.3640679",169.6138306,"Fasangasse 12, 2102 Bisamberg, Austria"
Sprecher Automation GmbH,Österreich,Austria,Europa,Europe,"Franckstraße 51, 4020 Linz",Forschungspartner,Research partner,1,,"48.2927633,14.3146806",259.9088745,"Franckstraße 51, 4020 Linz, Austria"
OFFIS e.V.,Deutschland,Germany,Europa,Europe,"Escherweg 2, 26121 Oldenburg",Forschungspartner,Research partner,1,,"53.1488125,8.200029899999999",6.721642971,"Escherweg 2, 26121 Oldenburg, Germany"
BECOM BLUETECHNIX GmbH,Österreich,Austria,Europa,Europe,"Gutheil-Schoder-Gasse 17, 1230 Wien",Forschungspartner,Research partner,1,,"48.1553803,16.3351326",192.1126862,"Gutheil-Schoder-Gasse 17, 1230 Wien, Austria"
Elektrobit Austria GmbH,Österreich,Austria,Europa,Europe,"Kaiserstr. 45/Stiege 2, 1070 Wien",Forschungspartner,Research partner,1,,"48.2014046,16.3400932",211.6103516,"Kaiserstraße 45/Stiege 2, 1070 Wien, Austria"
Infineon Technologies Austria AG,Österreich,Austria,Europa,Europe,"Siemensstraße 2, 9500 Villach",Forschungspartner,Research partner,3,,"46.5961546,13.8554691",492.7043152,"Siemensstraße 2, 9500 Villach, Austria"
Oregano Systems GmbH,Österreich,Austria,Europa,Europe,"Franzosengraben 8, 1030 Wien",Forschungspartner,Research partner,1,,"48.1887798,16.4140929",159.5502625,"Franzosengraben 8, 1030 Wien, Austria"
CTR Carinthian Tech Research AG,Österreich,Austria,Europa,Europe,"High Tech Campus Villach, Europastraße 12, 9524 Villach-St.Magdalen",Forschungspartner,Research partner,1,,"46.609908,13.885691",489,"Europastraße 12, 9524 Villach, Austria"
ISOVOLTAIC AG,Österreich,Austria,Europa,Europe,"Isovoltaicstraße 1, 8403 Lebring",Forschungspartner,Research partner,1,,"46.8480303,15.5306257",291.0206299,"Isovoltaicstraße 1, 8403 Lebring, Austria"
Polymer Competence Center Leoben GmbH,Österreich,Austria,Europa,Europe,"Roseggerstraße 12, 8700 Leoben",Forschungspartner,Research partner,1,,"47.382774,15.0904492",543.0941772,"Roseggerstraße 12, 8700 Leoben, Austria"
PVSV e.U.,Österreich,Austria,Europa,Europe,"Unterer Markt 7, 9334 Guttaring",Forschungspartner,Research partner,1,,"46.89053759999999,14.5115463",638.8237915,"Unterer Markt 7, 9334 Guttaring, Austria"
ENcome Energy Performance GmbH,Österreich,Austria,Europa,Europe,"Lakeside B08b, 9020 Klagenfurt",Forschungspartner,Research partner,1,,"46.6148251,14.2618472",441.5110779,"Lakeside, 9020 Klagenfurt am Wörthersee, Austria"
Ulbrich of Austria GmbH,Österreich,Austria,Europa,Europe,"Industriestraße 1, 7052 Müllendorf",Forschungspartner,Research partner,1,,"47.8332398,16.4594366",204.9416962,"Industriestraße 1, 7052 Müllendorf, Austria"
Polytec PT Gesellschaft mit beschränkter Haftung,Deutschland,Germany,Europa,Europe,"Polytec-Platz 1-7, 76337 Waldbronn",Forschungspartner,Research partner,1,,"48.92645,8.4902",287.8253174,"Polytecpl. 1-7, 76337 Waldbronn, Germany"
PVI GmbH,Österreich,Austria,Europa,Europe,"Rosentalerstraße 87, 9023 Klagenfurt",Forschungspartner,Research partner,1,,"46.6106312,14.3007238",442.1897583,"Rosentaler Str. 87, 9020 Klagenfurt am Wörthersee, Austria"
PVP Photovoltaik GmbH,Österreich,Austria,Europa,Europe,"Wernersdorf 111, 8551 Wernersdorf",Forschungspartner,Research partner,1,,"46.7160537,15.207071",386.2217102,"Wernersdorf 111, 8551, Austria"
Biomarker Design Forschungs GmbH,Österreich,Austria,Europa,Europe,"Divischgasse 4, 1210Wien",Forschungspartner,Research partner,1,,"48.2716316,16.4123828",163.3573914,"Divischgasse 4/1210Wien, 1210 Wien, Austria"
Trauma Care Consult GmbH,Österreich,Austria,Europa,Europe,"Gonzagagasse 11/25, 1010 Wien",Forschungspartner,Research partner,2,,"48.2149118,16.3705384",165.0365448,"Gonzagagasse 11, 1010 Wien, Austria"
Kompetenzzentrum Holz GmbH,Österreich,Austria,Europa,Europe,"Altenberger Straße 69, 4040 Linz",Forschungspartner,Research partner,1,,"48.3366151,14.3193046",260.7670593,"Altenbergerstraße 69, 4040 Linz, Austria"
HAGE Sondermaschinenbau GmbH & Co KG,Österreich,Austria,Europa,Europe,"Hauptstraße 52e, 8742 Obdach",Forschungspartner,Research partner,1,,"47.0629443,14.7005417",889.6582642,"Hauptstraße 52e, 8742 Obdach, Austria"
Thermoplastkreislauf GmbH.,Österreich,Austria,Europa,Europe,"Schwechatzeile 25, 2514 Traiskirchen",Forschungspartner,Research partner,1,,"48.0039863,16.2920248",205.9471588,"Schwechatzeile 25, 2514 Traiskirchen, Austria"
ecoplus.Niederösterreichs Wirtschaftsagentur GmbH,Österreich,Austria,Europa,Europe,"Niederösterreichring 2, Haus A, 3100 St Pölten",Forschungspartner,Research partner,1,,"48.198241,15.6317293",272.6925659,"Niederösterreichring 2/Haus A, 3100 St. Pölten, Austria"
Head Sport GmbH,Österreich,Austria,Europa,Europe,"Wuhrkopfweg 1, 6921 Kennelbach",Forschungspartner,Research partner,1,,"47.4772674,9.7642658",430.5201721,"Wuhrkopfweg 1, 6921 Kennelbach, Austria"
HARATECH GmbH,Österreich,Austria,Europa,Europe,"Peter-Behrens-Platz 6, Magazin EG, 4020 Linz",Forschungspartner,Research partner,1,,"48.3125706,14.299495",255.9011536,"Peter-Behrens-Platz 6, 4020 Linz, Austria"
Schiner 3D Repro GmbH,Österreich,Austria,Europa,Europe,"An der Schütt 40, 3500 Krems",Forschungspartner,Research partner,1,,"48.4050599,15.6536394",194.07341,"An der Schütt 40, 3500 Krems an der Donau, Austria"
Plasmics,Österreich,Austria,Europa,Europe,"Lange Gasse 31/4 , 1080 Wien",Forschungspartner,Research partner,1,,"48.20897739999999,16.3521821",195.9135132,"Lange G. 31, 1080 Wien, Austria"
"ZIMD - Zentrum für Interaktion, Medien und soziale Diversität",Österreich,Austria,Europa,Europe,"Währinger Straße 81/12, 1180 Wien",Forschungspartner,Research partner,1,,"48.2254728,16.3468957",187.6954041,"Währinger Str. 81, 1180 Wien, Austria"
Polycular OG,Österreich,Austria,Europa,Europe,"Untersbergstraße 7, 5411 Oberalm",Forschungspartner,Research partner,1,,"47.7052606,13.0860291",440,"Untersbergstraße 7, 5411 Oberalm, Austria"
Im Dialog mit Südosteuropa - SEE.ID - In Dialogue with South-Eastern Europe,Österreich,Austria,Europa,Europe,"Johann-Hiller-Straße 21/8, 9020 Klagenfurt",Forschungspartner,Research partner,1,,"46.6125165,14.297915",442.638916,"Johann-Hiller-Straße 21, 9020 Klagenfurt am Wörthersee, Austria"
FH OÖ Forschungs & Entwicklungs GmbH,Österreich,Austria,Europa,Europe,"Franz-Fritsch-Straße 11, 4600 Wels",Forschungspartner,Research partner,1,,"48.1551615,14.0112881",319.4189148,"Franz-Fritsch-Straße 11, 4600 Wels, Austria"
4ward Energy Res GmbH,Österreich,Austria,Europa,Europe,"Reininghausstraße 13A, 8020 Graz",Forschungspartner,Research partner,1,,"47.064882,15.4078163",364.8661804,"Reininghausstraße 13a, 8020 Graz, Austria"
Diel Metering Gesellschaft m.b.H.,Österreich,Austria,Europa,Europe,"Hainburgerstr. 33, 1030 Wien",Forschungspartner,Research partner,2,,"48.1990638,16.3977805",168.5837402,"Hainburger Str. 33, 1030 Wien, Austria"
EffiCent Energieeffizienz Dienstleistungen GmbH,Österreich,Austria,Europa,Europe,"Handelskai 265, 1020 Wien",Forschungspartner,Research partner,1,,"48.2242721,16.4079281",163.7997284,"Handelskai 265, 1020 Wien, Austria"
EVN AG,Österreich,Austria,Europa,Europe,"EVN Platz, 2344 Maria Enzersdorf",Forschungspartner,Research partner,2,,"48.09370999999999,16.31165",204.7729492,"EVN-Platz, 2344 Maria Enzersdorf, Austria"
TPPV - Öst. Technologieplattform PV,Österreich,Austria,Europa,Europe,"Mariahilferstraße 37-39, 1060 Wien",Forschungspartner,Research partner,1,,"48.20002239999999,16.3562528",196.8192139,"Mariahilfer Str. 37-39, 1060 Wien, Austria"
Wynergy e.U.,Österreich,Austria,Europa,Europe,"Hagengasse 44, 3424 Zeiselmauer",Forschungspartner,Research partner,1,,"48.3216143,16.1782422",172.9817047,"Hagengasse 44, 3424 Zeiselmauer, Austria"
Z Energi AS (Norway),Norwegen,Norway,Europa,Europe,"Forusparken 12, 4031 Stavanger",Forschungspartner,Research partner,1,,"58.8896913,5.737263",12.84319973,"Forusparken 12, 4033 Stavanger, Norway"
NORCE-Norwegian Research Centre AS,Norwegen,Norway,Europa,Europe,"Nygårdsgaten 112, 5072 Bergen",Forschungspartner,Research partner,1,,"60.3844476,5.333499799999999",1.786164999,"Nygårdsgaten 112, 5008 Bergen, Norway"
GreenWatch S.A. (Belgium),Belgien,Belgium,Europa,Europe,"Avenue Lavoisier 18, 1300 Wavre",Forschungspartner,Research partner,1,,"50.7354985,4.5874758",101.555336,"Avenue Lavoisier 18, 1300 Wavre, Belgium"
TRIPOD HOUSE AS (Norway),Norwegen,Norway,Europa,Europe,"Hillevågsveien 100, 4031 Stavanger",Forschungspartner,Research partner,1,,"58.942453,5.746522199999999",23.35737228,"Hillevågsveien 100, 4016 Stavanger, Norway"
Becquerel Institute – Icares Consulting SPRL (Belgium),Belgien,Belgium,Europa,Europe,"Rue Royale 146, 1000 Brussels",Forschungspartner,Research partner,1,,"50.849486,4.3635296",54.44724655,"Koningsstraat 146, 1000 Brussel, Belgium"
SILA embedded solutions,Österreich,Austria,Europa,Europe,"Linzerstr. 28, 3100 St. Pölten",Forschungspartner,Research partner,1,,"48.2025024,15.6219682",274.5032654,"Linzer Str. 28, 3100 St. Pölten, Austria"
HSG Hybrid Strom GmbH,Österreich,Austria,Europa,Europe,"Rosengasse 21a, 2301 Groß-Enzersdorf",Forschungspartner,Research partner,1,,"48.1939417,16.5491263",155.3842773,"Rosengasse 21a, 2301 Groß-Enzersdorf, Austria"
VB-LifeManagement KG,Österreich,Austria,Europa,Europe,"Waldstraße 16, 2524 Oberwaltersdorf",Forschungspartner,Research partner,1,,"47.972112,16.3112736",219.584259,"Waldstraße 16, 2522 Oberwaltersdorf, Austria"
AUTOCOM RENTAL & TRADING GES.M.B.H.,Österreich,Austria,Europa,Europe,"Schmiedinger Straße 67, 5020 Salzburg",Forschungspartner,Research partner,1,,"47.8278926,13.0221623",415,"Schmiedingerstraße 67, 5020 Salzburg, Austria"
GRA-MA GmbH,Österreich,Austria,Europa,Europe,"Spanheimerstraße 24-26, 9400 Wolfsberg",Forschungspartner,Research partner,1,,"46.83957179999999,14.8393525",457.789032,"Spanheimerstraße 24, 9400 Schleifen, Austria"
Stromwerkstatt GmbH,Österreich,Austria,Europa,Europe,"Wiesenstraße 43-45, 4812 Pinsdorf",Forschungspartner,Research partner,1,,"47.9528177,13.7496583",450.7463074,"Wiesenstraße 43/45, 4812 Wiesen, Austria"
BluePower GmbH,Österreich,Austria,Europa,Europe,"Pyhrnstraße 16, 4553 Schlierbach",Forschungspartner,Research partner,1,,"47.9157491,14.110909",430.3762512,"Pyhrnstraße 16, 4553 Schlierbach, Austria"
Sensenwerk Sonnleithner Gesellschaft m.b.H.,Österreich,Austria,Europa,Europe,"Laussatal 43, 4461 Laussa",Forschungspartner,Research partner,2,,"47.9516041,14.4317308",406.7348022,"Laussatal 43, 4461 Laussa, Austria"
Energiewerkstatt,Österreich,Austria,Europa,Europe,"Heiligenstatt 24, 5211 Friedburg",Forschungspartner,Research partner,2,,"48.0266234,13.2272993",515.8034058,"Heiligenstatt 24, 5211 Heiligenstatt, Austria"
Zentralanstalt für Meteorologie und Geodynamik,Österreich,Austria,Europa,Europe,"Hohe Warte 38, 1190 Wien",Forschungspartner,Research partner,2,,"48.24848009999999,16.3556302",203.2841949,"Hohe Warte 38, 1190 Wien, Austria"
Solvento Energy Consulting GmbH,Österreich,Austria,Europa,Europe,"Klosterweg 1, 2443 Loretto",Forschungspartner,Research partner,2,,"47.9130467,16.5201778",230.8763275,"Klosterweg 1, 2443 Loretto, Austria"
ATB-Becker e.U.,Österreich,Austria,Europa,Europe,"Dörferstraße 16, 6067 Absam",Forschungspartner,Research partner,3,,"47.29490939999999,11.5099947",645.3692017,"Dörferstraße 16, 6067 Absam, Austria"
AEE Arbeitsgemeinschaft ERNEUERBARE ENERGIE Niederösterreich - Wien,Österreich,Austria,Europa,Europe,"Karolinengasse 32/1, 1040 Wien",Forschungspartner,Research partner,1,,"48.18988179999999,16.3729361",190.4627075,"Karolinengasse 32, 1040 Wien, Austria"
crystalsol GmbH,Österreich,Austria,Europa,Europe,"Simmeringer Hauptstraße 24, 1110 Wien",Forschungspartner,Research partner,2,,"48.1818496,16.4069459",176.3156433,"Simmeringer Hauptstraße 24, 1110 Wien, Austria"
STRABAG AG,Österreich,Austria,Europa,Europe,"Ortenburgerstraße 27, 9800 Spittal an der Drau",Forschungspartner,Research partner,1,,"46.7919434,13.4896258",540.9847412,"Ortenburger Str. 27, 9800 Spittal an der Drau, Austria"
TELEREAL Telekommunikationsanlagen GmbH,Österreich,Austria,Europa,Europe,"Mollardgasse 8/Top 19, 1060 Wien",Forschungspartner,Research partner,1,,"48.193345,16.3526944",175.2932587,"Mollardgasse 8/Top 19, 1060 Wien, Austria"
Mischtechnik Hoffmann & Partner GmbH,Österreich,Austria,Europa,Europe,"Eduard-Klinger-Straße 3c, 3423 St. Andrä-Wördern",Forschungspartner,Research partner,1,,"48.3324365,16.2036786",172.5010529,"Eduard-Klinger-Straße 3c, 3423 St. Andrä-Wördern, Austria"
Sunplugged - Solare Energiesysteme GmbH,Österreich,Austria,Europa,Europe,"Mindelheimer Straße 6, 6130 Schwaz",Forschungspartner,Research partner,1,,"47.35064759999999,11.7095718",534.107605,"Mindelheimer Str. 6, 6130 Schwaz, Austria"
Schachner Wind GmbH,Österreich,Austria,Europa,Europe,"Gewerbepark Pölla 6, 3353 Seitenstetten",Forschungspartner,Research partner,1,,"48.0417952,14.632131",338.3624573,"Gewerbepark Pölla 6, 3353 Seitenstetten, Austria"
AllesWirdGut Architektur ZT GmbH,Österreich,Austria,Europa,Europe,"Untere Donaustraße 13-15, 1020 Wien",Forschungspartner,Research partner,1,,"48.2125344,16.3819287",163.3523254,"Untere Donaustraße 13-15, 1020 Wien, Austria"
oekostrom Produktions GmbH,Österreich,Austria,Europa,Europe,"Laxenburger Straße 2, 1100 Wien",Forschungspartner,Research partner,1,,"48.1842549,16.3727548",204.954895,"Laxenburger Str. 2, 1100 Wien, Austria"
Energieagentur der Regionen (RENA),Österreich,Austria,Europa,Europe,"Hans Kudlich-Straße 2, 3830 Waidhofen an der Thaya",Forschungspartner,Research partner,1,,"48.811876,15.2756964",504.8935852,"Hans-Kudlich-Straße 2, 3830 Waidhofen an der Thaya, Austria"
NIKKO Engineering GmbH,Österreich,Austria,Europa,Europe,"Leopold Breinschmid-Straße 18, 2500 Baden",Forschungspartner,Research partner,1,,"47.9967029,16.2302249",231.3692474,"Leopold Breinschmid-Straße 18, 2500 Baden, Austria"
Architekturbüro Reinberg ZT GmbH,Österreich,Austria,Europa,Europe,"Lindengasse 39/10, 1070 Wien",Forschungspartner,Research partner,1,,"48.1998832,16.3500952",203.7423706,"Lindengasse 39, 1070 Wien, Austria"
BlueSky Energy Entwicklungs- und ProduktionsGmbH,Österreich,Austria,Europa,Europe,"Allied Panels Park 1, 4873 Frankenburg",Forschungspartner,Research partner,1,,"48.0580501,13.4801306",531.140686,"Allied Panels Pk. 1, 4873 Lessigen, Austria"
AEE - Institut für Nachhaltige Technologien,Österreich,Austria,Europa,Europe,"Feldgasse 19, 8200 Gleisdorf",Forschungspartner,Research partner,1,,"47.1091329,15.7093061",359.4848938,"Feldgasse 19, 8200 Gleisdorf, Austria"
17&4 Organisationsberatung GmbH,Österreich,Austria,Europa,Europe,"Mariahilfer Straße 89/22, 1060 Wien",Forschungspartner,Research partner,1,,"48.1972623,16.3482386",198.3929138,"Mariahilfer Str. 89, 1060 Wien, Austria"
IBO - Österreichisches Institut für Bauen und Ökologie GmbH,Österreich,Austria,Europa,Europe,"Alserbachstraße 5/8, 1090 Wien",Forschungspartner,Research partner,2,,"48.2252611,16.3559382",169.3276215,"Alserbachstraße 5, 1090 Wien, Austria"
"New Energy Consulting,  Ingenieurbüro für Neue Energie und Gebäudetechnik, Ing. Jürgen Obermayer GmbH",Österreich,Austria,Europa,Europe,"Panoramastraße 16, 4202 Kirchschlag bei Linz",Forschungspartner,Research partner,1,,"48.4089379,14.2720413",855.9291992,"Panoramastraße 16, 4202 Kirchschlag bei Linz, Austria"
Dr. Raimund Gutmann,Österreich,Austria,Europa,Europe,"Lenaugasse 19, 1080 Wien",Forschungspartner,Research partner,1,,"48.2113136,16.3538547",186.8956909,"Lenaugasse 19, 1080 Wien, Austria"
Traffix Verkehrsplanung GmbH,Österreich,Austria,Europa,Europe,"Gumpendorfer Straße 21/6A, 1060 Wien",Forschungspartner,Research partner,1,,"48.1992813,16.3598049",180.6314087,"Gumpendorfer Str. 21, 1060 Wien, Austria"
Österreichische Akademie der Wissenschaften / Institut für Technikfolgen-Abschätzung (ITA),Österreich,Austria,Europa,Europe,"Strohgasse 45/5, 1030 Wien",Forschungspartner,Research partner,1,,"48.1983453,16.3782768",171.8147736,"Strohgasse 45, 1030 Wien, Austria"
Stadtentwicklungsfonds Korneuburg,Österreich,Austria,Europa,Europe,"Hauptplatz 1, 2100 Korneuburg",Forschungspartner,Research partner,1,,"48.344185,16.3332726",169.5619507,"Hauptpl. 1, 2100 Korneuburg, Austria"
Stadtgemeinde Korneuburg,Österreich,Austria,Europa,Europe,"Hauptplatz 39, 2100 Korneuburg",Forschungspartner,Research partner,2,,"48.3438883,16.3336622",169.4024353,"Hauptpl. 39, 2100 Korneuburg, Austria"
X-Net Services GmbH,Österreich,Austria,Europa,Europe,"Elisabethstraße 1, 4020 Linz",Forschungspartner,Research partner,1,,"48.3055581,14.2949306",259.8709717,"Elisabethstraße 1, 4020 Linz, Austria"
pos architekten ZT gmbh,Österreich,Austria,Europa,Europe,"Maria Treu Gasse 3/Top 15, 1080 Wien",Forschungspartner,Research partner,1,,"48.2104878,16.3512053",195.4194946,"Maria-Treu-Gasse 3/Top 15, 1080 Wien, Austria"
Universität Wien,Österreich,Austria,Europa,Europe,"Universitätsring 1, 1010 Wien",Forschungspartner,Research partner,1,,"48.2130573,16.3606723",179.3019409,"Universitätsring 1, 1010 Wien, Austria"
Medizinische Universität Wien,Österreich,Austria,Europa,Europe,"Spitalgasse 23, 1090 Wien",Forschungspartner,Research partner,2,,"48.2200187,16.3509368",180.3046112,"Spitalgasse 23, 1090 Wien, Austria"
Universität für Bodenkultur Wien,Österreich,Austria,Europa,Europe,"Gregor-Mendel-Straße 33, 1180 Wien",Forschungspartner,Research partner,1,,"48.23652990000001,16.3369593",230.7819977,"Gregor-Mendel-Haus, Gregor-Mendel-Straße 33, 1180 Wien, Austria"
Veterinärmedizinische Universität Wien,Österreich,Austria,Europa,Europe,"Veterinärplatz 1, 1210 Wien",Forschungspartner,Research partner,1,,"48.2543278,16.4316172",161.5793915,"Portier und Einfahrt\, Veterinärpl. 1, 1220 Wien, Austria"
Wirtschaftsuniversität Wien,Österreich,Austria,Europa,Europe,"Welthandelsplatz 1, 1020 Wien",Forschungspartner,Research partner,1,,"48.21342749999999,16.4084665",160.1443634,"Welthandelspl. 1, 1020 Wien, Austria"
Akademie der bildenden Künste Wien,Österreich,Austria,Europa,Europe,"Schillerplatz 3, 1010 Wien",Forschungspartner,Research partner,1,,"48.20162879999999,16.3652361",176.6226654,"Schillerplatz 3, 1010 Wien, Austria"
Universität für angewandte Kunst Wien,Österreich,Austria,Europa,Europe,"Oskar-Kokoschka-Platz 2, 1010 Wien",Forschungspartner,Research partner,1,,"48.20841290000001,16.382633",167.181076,"Oskar-Kokoschka-Platz 2, 1010 Wien, Austria"
Universität für Musik und darstellende Kunst Wien,Österreich,Austria,Europa,Europe,"Anton-von-Webern-Platz 1, 1030 Wien",Forschungspartner,Research partner,1,,"48.201799,16.3847658",171.4435272,"Anton-von-Webern-Platz 1, 1030 Wien, Austria"
Fachhochschule Campus Wien,Österreich,Austria,Europa,Europe,"Favoritenstraße 226, 1100 Wien",Forschungspartner,Research partner,1,,"48.1579126,16.3819745",224.8720245,"Favoritenstraße 226, 1100 Wien, Austria"
Fachhochschule St. Pölten,Österreich,Austria,Europa,Europe,"Matthias Corvinus-Straße 15, 3100 St. Pölten",Forschungspartner,Research partner,1,,"48.213797,15.6320474",265.4330444,"Matthias Corvinus-Straße 15, 3100 St. Pölten, Austria"
UIV Urban Innovation Vienna GmbH,Österreich,Austria,Europa,Europe,"Operngasse 17-21, 1040 Wien",Forschungspartner,Research partner,2,,"48.1980798,16.3665589",172.6320953,"Operngasse 17, 1040 Wien, Austria"
IBR & I Institute of Building Research & Innovation ZT GmbH,Österreich,Austria,Europa,Europe,"Wipplingerstraße 23/3, 1010 Wien",Forschungspartner,Research partner,1,,"48.2127732,16.3682152",174.6417084,"Wipplingerstraße 23, 1010 Wien, Austria"
ABB AG,Österreich,Austria,Europa,Europe,"Brown-Boveri-Straße 3, 2351 Mödling",Partnerfirma,Corporate partner,1,,"48.07489,16.3059737",204.6216583,"Brown-Boveri-Straße 3, 2351 Mödling, Austria"
AIT,Österreich,Austria,Europa,Europe,"Giefinggasse 4, 1210 Wien",Partnerfirma,Corporate partner,1,,"48.2693843,16.4266624",162.4521027,"Giefinggasse 4, 1210 Wien, Austria"
Nagarro,Österreich,Austria,Europa,Europe,"Am Europl. 2, 1120 Wien",Partnerfirma,Corporate partner,1,,"48.1707756,16.3328639",220.7528687,"Gebäude G, Am Europl. 2, 1120 Wien, Austria"
Adverity,Österreich,Austria,Europa,Europe,"Mariahilfer Str. 41-43/top b6, 1060 Wien",Partnerfirma,Corporate partner,1,,"48.1997937,16.3559278",196.7927704,"Mariahilfer Str. 41-43/top b6, 1060 Wien, Austria"
ATOS IT Solutions and Services GmbH,Österreich,Austria,Europa,Europe,"Autokaderstraße 29, 1210 Wien",Partnerfirma,Corporate partner,1,,"48.2829147,16.380699",164.3123932,"Autokaderstraße 29, 1210 Wien, Austria"
Axians ICT Austria GmbH,Österreich,Austria,Europa,Europe,"Guglgasse 15, 1110 Wien",Partnerfirma,Corporate partner,1,,"48.1856813,16.4232943",159.5888214,"Guglgasse 15, 1110 Wien, Austria"
BD Austria,Österreich,Austria,Europa,Europe,"Rinnböckstraße 3, 1030 Wien",Partnerfirma,Corporate partner,1,,"48.1858114,16.4048234",170.6916962,"Rinnböckstraße 3, 1030 Wien, Austria"
Beko Engineering & Informatik (ohne AG!),Österreich,Austria,Europa,Europe,"Karl-Farkas-Gasse 22, 1030 Wien",Partnerfirma,Corporate partner,1,,"48.1881958,16.4037059",168.8371277,"Solaris, Karl-Farkas-Gasse 22, 1030 Wien, Austria"
Bundesrechenzentrum GmbH,Österreich,Austria,Europa,Europe,"Hintere Zollamtsstraße 4, 1030 Wien",Partnerfirma,Corporate partner,1,,"48.208696,16.3864828",165.7275238,"Hintere Zollamtsstraße 4, 1030 Wien, Austria"
ByteSource,Österreich,Austria,Europa,Europe,"Damböckgasse 4/3, 1060 Wien",Partnerfirma,Corporate partner,1,,"48.1971554,16.3504014",195.5665894,"Damböckgasse 4, 1060 Wien, Austria"
CapGemini Consulting Österreich AG,Österreich,Austria,Europa,Europe,"Millennium Tower, Handelskai 94-96, 1200 Wien",Partnerfirma,Corporate partner,1,,"48.2404153,16.3868931",164.6933746,"Handelskai 94-96, 1200 Wien, Austria"
cargo-partner,Österreich,Austria,Europa,Europe,"Airportstraße 9, 2401 Fischamend",Partnerfirma,Corporate partner,1,,"48.1239021,16.5886774",175.3296356,"Airportstraße 9, 2401 Fischamend-Dorf, Austria"
Deloitte Services Wirtschaftsprüfungs GmbH,Österreich,Austria,Europa,Europe,"Renngasse 1, 1010 Wien",Partnerfirma,Corporate partner,1,,"48.2122101,16.3661457",175.2173767,"Renngasse 1, 1010 Wien, Austria"
Erste Group,Österreich,Austria,Europa,Europe,"Am Belvedere 1, 1100 Wien",Partnerfirma,Corporate partner,1,,"48.186796,16.3809765",198.7766876,"Am Belvedere 1, 1040 Wien, Austria"
Elektrobit Austria GmbH,Österreich,Austria,Europa,Europe,"Kaiserstraße 45, 1070 Wien",Partnerfirma,Corporate partner,1,,"48.2014046,16.3400932",211.6103516,"Kaiserstraße 45, 1070 Wien, Austria"
FEEI,Österreich,Austria,Europa,Europe,"Mariahilfer Str. 37-39, 1060 Wien",Partnerfirma,Corporate partner,1,,"48.20002239999999,16.3562528",196.8192139,"Mariahilfer Str. 37-39, 1060 Wien, Austria"
Frequentis,Österreich,Austria,Europa,Europe,"Innovationsstraße 1, 1100 Wien",Partnerfirma,Corporate partner,1,,"48.1636787,16.3345217",208.4025574,"Innovationsstraße 1, 1100 Wien, Austria"
IBM Client Innovation Center,Österreich,Austria,Europa,Europe,"Donau-City-Straße 7, 1220 Wien",Partnerfirma,Corporate partner,1,,"48.2318506,16.4128713",164.0390625,"DC Tower 1, Donau-City-Straße 7, 1220 Wien, Austria"
ISIS Papyrus Europe AG,Österreich,Austria,Europa,Europe,"Papyrus Platz 1, 2345 Brunn am Gebirge",Partnerfirma,Corporate partner,1,,"48.1176979,16.2901677",220.7797546,"2345, Brunn am Gebirge, Austria"
iteratec,Österreich,Austria,Europa,Europe,"Donau-City-Straße 11, 1220 Wien",Partnerfirma,Corporate partner,1,,"48.23300529999999,16.4115268",163.9975586,"Donau-City-Straße 11, 1220 Wien, Austria"
Kapsch,Österreich,Austria,Europa,Europe,"Stock-im-Eisen-Platz 3, 1010 Wien",Partnerfirma,Corporate partner,1,,"48.2078877,16.3713845",174.3184204,"Stock-im-Eisen-Platz 3, 1010 Wien, Austria"
Knorr Bremse,Österreich,Austria,Europa,Europe,"Beethovengasse 43-45, 2340 Mödling",Partnerfirma,Corporate partner,1,,"48.0810166,16.2971204",213.7584534,"Beethovengasse 43-45, 2340 Mödling, Austria"
LOYTEC electronics GmbH,Österreich,Austria,Europa,Europe,"Blumengasse 35, 1170 Wien",Partnerfirma,Corporate partner,1,,"48.2205393,16.3348608",201.8553772,"Blumengasse 35, 1170 Wien, Austria"
Österreichische Kontrollbank,Österreich,Austria,Europa,Europe,"Strauchgasse 3, 1010 Wien",Partnerfirma,Corporate partner,1,,"48.2106185,16.365941",173.8916931,"Strauchgasse 3, 1010 Wien, Austria"
Österreichische Lotterien GmbH,Österreich,Austria,Europa,Europe,"Rennweg 44, 1030 Wien",Partnerfirma,Corporate partner,1,,"48.1933697,16.3900749",177.8674164,"Rennweg 44, 1030 Wien, Austria"
Österreichische Post AG,Österreich,Austria,Europa,Europe,"Rochuspl. 1, 1030 Wien",Partnerfirma,Corporate partner,1,,"48.2027649,16.3912894",173.7097931,"Rochuspl. 1, 1030 Wien, Austria"
Pixelfederation,Slowakei,Slovakia,Europa,Europe,"Digital Park II, Einsteinova 19, 851 01 Petržalka",Partnerfirma,Corporate partner,1,,"48.1301763,17.1072106",140.5005951,"Digital Park II, Einsteinova 23, 851 01 Petržalka, Slovakia"
Porsche Holding,Österreich,Austria,Europa,Europe,"Louise-Piëch-Straße 2, 5020 Salzburg",Partnerfirma,Corporate partner,1,,"47.8171069,13.0522884",427.4492798,"Louise-Piëch-Straße 2, 5020 Salzburg, Austria"
Raiffeisen Bank International,Österreich,Austria,Europa,Europe,"Am Stadtpark 9, 1030 Wien",Partnerfirma,Corporate partner,1,,"48.2048472,16.3838656",166.9793091,"Am Stadtpark 9, 1030 Wien, Austria"
Rewe International Dienstleistungsgesellschaft mbH,Österreich,Austria,Europa,Europe,"Objekt 16, Industriezentrum NÖ-Süd, NÖ-Süd Straße 3, 2355 Wiener Neudorf",Partnerfirma,Corporate partner,1,,"48.0713562,16.3347332",186.8622742,"IZ NÖ-Süd Str. 3 16, 2355 Wiener Neudorf, Austria"
rubicon,Österreich,Austria,Europa,Europe,"Gonzagagasse 16, 1010 Wien",Partnerfirma,Corporate partner,1,,"48.2157955,16.3704979",167.358429,"Gonzagagasse 16, 1010 Wien, Austria"
SEQIS GmbH,Österreich,Austria,Europa,Europe,"Neusiedler Str. 36, 2340 Mödling",Partnerfirma,Corporate partner,1,,"48.0800481,16.2854277",226.6629181,"Neusiedler Str. 36, 2340 Mödling, Austria"
Siemens,Österreich,Austria,Europa,Europe,"Siemensstraße 90, 1211 Wien",Partnerfirma,Corporate partner,1,,"48.26892609999999,16.4227573",163.1176147,"Siemensstraße 90, 1210 Wien, Austria"
SIGNON,Österreich,Austria,Europa,Europe,"Marxergasse 1B/Top 6, 1030 Wien",Partnerfirma,Corporate partner,1,,"48.2076165,16.387193",164.3712769,"Marxergasse 1B/Top 6, 1030 Wien, Austria"
Sozialversicherungs-Chipkarten Betriebs- und Errichtungs GesmbH,Österreich,Austria,Europa,Europe,"Ernst-Melchior-Gasse 22, 1020 Wien",Partnerfirma,Corporate partner,1,,"48.2239416,16.3965153",162.4632568,"Ernst-Melchior-Gasse 22, 1020 Wien, Austria"
TechTalk,Österreich,Austria,Europa,Europe,"Leonard-Bernstein-Straße 10, 1220 Wien",Partnerfirma,Corporate partner,1,,"48.2364592,16.4132927",163.7303467,"Leonard-Bernstein-Straße 10, 1220 Wien, Austria"
TIETO,Österreich,Austria,Europa,Europe,"Handelskai 94-96, 1200 Wien",Partnerfirma,Corporate partner,1,,"48.2401864,16.3865414",165.34198,"Handelskai 94-96, 1200 Wien, Austria"
Toyota Material Handling Austria GmbH,Österreich,Austria,Europa,Europe,"Griesfeldstrasse 3, 2351 Wiener Neudorf",Partnerfirma,Corporate partner,1,,"48.0796605,16.3251691",196.0952759,"Griesfeldstraße 3, 2351 Wiener Neudorf, Austria"
TTTech,Österreich,Austria,Europa,Europe,"Schönbrunner Str. 7, 1040 Wien",Partnerfirma,Corporate partner,1,,"48.1950508,16.3614202",175.3590698,"Schönbrunner Str. 7, 1040 Wien, Austria"
UNTIS GmBh,Österreich,Austria,Europa,Europe,"Belvederegasse 11, 2000 Stockerau",Partnerfirma,Corporate partner,1,,"48.3882707,16.2083245",180.141037,"Belvederegasse 11, 2000 Stockerau, Austria"
VERBUND,Österreich,Austria,Europa,Europe,"Am Hof 6A, 1010 Wien",Partnerfirma,Corporate partner,1,,"48.21130489999999,16.3673363",174.1906738,"Am Hof 6A, 1010 Wien, Austria"
Wiener Stadtwerke GmbH,Österreich,Austria,Europa,Europe,"Thomas-Klestil-Platz 13, 1030 Wien",Partnerfirma,Corporate partner,1,,"48.1927137,16.4131033",161.9526062,"Thomas-Klestil-Platz 13, 1030 Wien, Austria"
ZKW Lichtsysteme GmbH,Österreich,Austria,Europa,Europe,"Scheibbser Str. 17, 3250 Wieselburg",Partnerfirma,Corporate partner,1,,"48.1229677,15.1390982",254.7584076,"Scheibbser Str. 17, 3250 Wieselburg, Austria"
Kooperative Mittelschule Brückenschule,Österreich,Austria,Europa,Europe,"Dirmhirngasse 138, 1230 Wien",Partnerschule,Partner school,1,,"48.136782,16.2827632",230.1913147,"Dirmhirngasse 138, 1230 Wien, Austria"
AHS Theodor Kramer-Straße,Österreich,Austria,Europa,Europe,"Theodor-Kramer-Straße 3, 1220 Wien",Partnerschule,Partner school,1,,"48.254839,16.4520801",161.9116516,"Theodor-Kramer-Straße 3, 1220 Wien, Austria"
"Berufsschule für Maschinen-, Fertigungstechnik und Elektronik",Österreich,Austria,Europa,Europe,"Apollogasse 1, 1070 Wien",Partnerschule,Partner school,1,,"48.19835,16.3445759",203.0246277,"Apollogasse 1, 1070 Wien, Austria"
BG 13 Fichtnergasse,Österreich,Austria,Europa,Europe,"Fichtnergasse 15, 1130 Wien",Partnerschule,Partner school,1,,"48.186328,16.2885419",202.9416656,"Fichtnergasse 15, 1130 Wien, Austria"
BGRG 8 Albertgasse,Österreich,Austria,Europa,Europe,"Albertgasse 18-22, 1080 Wien-Josefstadt",Partnerschule,Partner school,1,,"48.20952639999999,16.3440971",201.9772491,"Albertgasse 18-22, 1080 Wien, Austria"
BG/BRG Klosterneuburg,Österreich,Austria,Europa,Europe,"Buchberggasse 31, 3400 Klosterneuburg",Partnerschule,Partner school,1,,"48.3038997,16.319789",200.9397888,"Buchberggasse 31, 3400 Klosterneuburg, Austria"
BG/BRG Mödling Keimgasse,Österreich,Austria,Europa,Europe,"Franz-Keim-Gasse 3, 2340 Mödling",Partnerschule,Partner school,1,,"48.0849999,16.2921048",218.7405548,"Franz-Keim-Gasse 3, 2340 Mödling, Austria"
BG/BRG Perchtoldsdorf,Österreich,Austria,Europa,Europe,"Roseggergasse 2, 2380 Perchtoldsdorf",Partnerschule,Partner school,1,,"48.1209964,16.2600944",281.9699097,"Roseggergasse 2, 2380 Perchtoldsdorf, Austria"
BRG 18 Schopenhauerstraße,Österreich,Austria,Europa,Europe,"Schopenhauerstraße 49, 1180 Wien-Währing",Partnerschule,Partner school,1,,"48.2246067,16.3387126",209.1759338,"Schopenhauerstraße 49, 1180 Wien, Austria"
BRG Wien XIX,Österreich,Austria,Europa,Europe,"Krottenbachstraße 11-13, 1190 Wien",Partnerschule,Partner school,1,,"48.2403761,16.3447748",208.8677063,"Krottenbachstraße 11, 1190 Wien, Austria"
Brigittenauer Gymnasium,Österreich,Austria,Europa,Europe,"Karajangasse 14, 1200 Wien",Partnerschule,Partner school,1,,"48.22940089999999,16.3746454",164.12854,"Karajangasse 14, 1200 Wien, Austria"
De La Salle Schule Marianum RG und ORG,Österreich,Austria,Europa,Europe,"Scheidlstraße 2, 1180 Wien",Partnerschule,Partner school,1,,"48.2291911,16.3281637",220.2274323,"Scheidlstraße 2, 1180 Wien, Austria"
Ella Lingens Gymnasium,Österreich,Austria,Europa,Europe,"Gerasdorfer Str. 103, 1210 Wien",Partnerschule,Partner school,1,,"48.2855588,16.4249569",163.9781494,"Gerasdorfer Str. 103, 1210 Wien, Austria"
Erich Fried Realgymnasium,Österreich,Austria,Europa,Europe,"Glasergasse 25, 1090 Wien-Alsergrund",Partnerschule,Partner school,1,,"48.2255127,16.365844",165.0535431,"Glasergasse 25, 1090 Wien, Austria"
Goethe-Gymnasium,Österreich,Austria,Europa,Europe,"Astgasse 3, 1140 Wien",Partnerschule,Partner school,1,,"48.1914926,16.290254",199.6912842,"Astgasse 3, 1140 Wien, Austria"
GRG15 Auf der Schmelz,Österreich,Austria,Europa,Europe,"Auf der Schmelz 4, 1150 Wien",Partnerschule,Partner school,1,,"48.2024194,16.3189928",242.314682,"Auf der Schmelz 4, 1150 Wien, Austria"
GRG 17 Hernalser Gymnasium Geblergasse,Österreich,Austria,Europa,Europe,"Geblergasse 56, 1170 Wien",Partnerschule,Partner school,1,,"48.2164863,16.333346",204.9614105,"Geblergasse 56, 1170 Wien, Austria"
"GRG 21 ""Bertha von Suttner"" – Schulschiff",Österreich,Austria,Europa,Europe,"Donauinselplatz, 1210 Wien",Partnerschule,Partner school,1,,"48.2615562,16.3758961",167.489563,"Donauinselpl., 1210 Wien, Austria"
GRG 21 Franklinstraße,Österreich,Austria,Europa,Europe,"Franklinstraße 21, 1210 Wien",Partnerschule,Partner school,1,,"48.2529639,16.404376",162.3939972,"Franklinstraße 21, 1210 Wien, Austria"
GWIKU 18 Haizingergasse,Österreich,Austria,Europa,Europe,"Haizingergasse 37, 1180 Wien-Währing",Partnerschule,Partner school,1,,"48.2293125,16.3393466",206.631897,"Haizingergasse 37, 1180 Wien, Austria"
Hertha Firnberg Schulen für Wirtschaft und Tourismus,Österreich,Austria,Europa,Europe,"Firnbergplatz 1, 1220 Wien",Partnerschule,Partner school,1,,"48.2417003,16.4414025",161.214798,"Firnbergplatz 1, 1220 Wien, Austria"
HLW10 Reumannplatz,Österreich,Austria,Europa,Europe,"Reumannpl. 3, 1100 Wien",Partnerschule,Partner school,1,,"48.1738256,16.3798626",214.452652,"Reumannpl. 3, 1100 Wien, Austria"
Bergheidengasse - Höhere Bundeslehranstalt für Tourismus und wirtschaftliche Berufe,Österreich,Austria,Europa,Europe,"Bergheidengasse 5-19, 1130 Wien",Partnerschule,Partner school,1,,"48.1693509,16.2911368",222.3537292,"Bergheidengasse 5-19, 1130 Wien, Austria"
HTL Hollabrunn,Österreich,Austria,Europa,Europe,"Anton Ehrenfried-Straße 10, 2020 Gemeinde Hollabrunn",Partnerschule,Partner school,1,,"48.5599043,16.0693974",224.5594025,"Anton Ehrenfried-Straße 10, 2020 Gemeinde Hollabrunn, Austria"
Laaerberg Gymnasium,Österreich,Austria,Europa,Europe,"Laaer-Berg-Straße 25-29, 1100 Wien",Partnerschule,Partner school,1,,"48.1710624,16.3834188",224.2245636,"Laaer-Berg-Straße 25-29, 1100 Wien, Austria"
Liese Prokop Privatschule,Österreich,Austria,Europa,Europe,"Liese Prokop-Platz 2, 2344 Maria Enzersdorf",Partnerschule,Partner school,1,,"48.0986966,16.3112577",197.5682983,"Liese Prokop-Platz 2, 2344 Maria Enzersdorf, Austria"
"Lise Meitner RG ""Schottenbastei""",Österreich,Austria,Europa,Europe,"Schottenbastei 7-9, 1010 Wien",Partnerschule,Partner school,1,,"48.2141643,16.3647431",174.1691895,"Schottenbastei 7-9, 1010 Wien, Austria"
Polgargymnasium ,Österreich,Austria,Europa,Europe,"Polgarstraße 24, 1220 Wien-Donaustadt",Partnerschule,Partner school,1,,"48.2333832,16.4534962",160.0947571,"Polgarstraße 24, 1220 Wien, Austria"
Privates Gymnasium Sacre Coeur Wien,Österreich,Austria,Europa,Europe,"Rennweg 31, 1030 Wien",Partnerschule,Partner school,1,,"48.1953957,16.3845105",176.1108246,"Rennweg 31, 1030 Wien, Austria"
Schulverein Institut Sta.Christiana (Fachschule und Aufbaulehrgang für wirtschaftliche Berufe),Österreich,Austria,Europa,Europe,"Willergasse 55, 1230 Wien",Partnerschule,Partner school,1,,"48.131631,16.2551461",273.9992065,"Willergasse 55, 1230 Wien, Austria"
Sperlgymnasium,Österreich,Austria,Europa,Europe,"Kleine Sperlgasse 2C, 1020 Wien",Partnerschule,Partner school,1,,"48.2158842,16.3780411",163.3234711,"Kleine Sperlgasse 2C, 1020 Wien, Austria"
Tourismusschule Wien 21,Österreich,Austria,Europa,Europe,"Wassermanngasse 12, 1210 Wien",Partnerschule,Partner school,1,,"48.2678251,16.4529576",161.7579651,"Wassermanngasse 12, 1210 Wien, Austria"
Wiedner Gymnasium,Österreich,Austria,Europa,Europe,"Wiedner Gürtel 68, 1040 Wien",Partnerschule,Partner school,1,,"48.1846386,16.3686679",199.4304962,"Wiedner Gürtel 68, 1040 Wien, Austria"
AR ITBA - INSTITUTO TECNOLOGICO DE BUENOS AIRES FUNDACION,Argentinien,Argentina,Südamerika,South Amerika,"Av. Eduardo Madero 399, C1106ACD CABA, Argentinien",Partneruni,Partner university,1,,"-34.6031933,-58.36778529999999",14.0114212,"Av. Eduardo Madero 399, C1106ACD CABA, Argentina"
AR UNS - Universidad Nacional del Sur,Argentinien,Argentina,Südamerika,South Amerika,"Av. Alem 1253, B8000 Bahía Blanca, Buenos Aires, Argentinien",Partneruni,Partner university,1,,"-38.701727,-62.27019600000001",29.81297302,"Av. Alem 1253, B8000 Bahía Blanca, Buenos Aires, Argentina"
BGENT25 - HOGESCHOOL GENT,Belgien,Belgium,Europa,Europe,"Geraard de Duivelstraat 5, 9000 Gent, Belgien",Partneruni,Partner university,1,,"51.052522,3.728285",8.784412384,"Geraard de Duivelstraat 5, 9000 Gent, Belgium"
BR FURB - The University of Blumenau,Brasilien,Brazil,Südamerika,South Amerika,Fundação Universidade Regional de Blumenau FURB,Partneruni,Partner university,1,,"-26.9056913,-49.0790634",29.9444313,"R. Antônio da Veiga, 140 - Itoupava Seca, Blumenau - SC, 89030-903, Brazil"
BR UNESP - Sao Paulo State University,Brasilien,Brazil,Südamerika,South Amerika,"R. Quirino de Andrade, 215 - Centro Histórico de São Paulo, São Paulo - SP, 01049-010, Brasilien",Partneruni,Partner university,1,,"-23.5479195,-46.6409507",772.8094482,"R. Quirino de Andrade, 215 - Centro Histórico de São Paulo, São Paulo - SP, 01049-010, Brazil"
"BG ROUSSE01 - RUSENSKI UNIVERSITET ""ANGEL KANCHEV""",Bulgarien,Bulgaria,Europa,Europe,"ul. ""Studentska"" 8, 7017 Studentski grad, Ruse, Bulgarien",Partneruni,Partner university,1,,"43.854554,25.970175",49.82335281,"ul. ""Studentska"" 8, 7017 Studentski grad, Ruse, Bulgaria"
BG SOFIA16 - TEHNICHESKI UNIVERSITET SOFIA,Bulgarien,Bulgaria,Europa,Europe,"bulevard ""Sveti Kliment Ohridski"" 8, 1756 Studentski Kompleks, Sofia, Bulgarien",Partneruni,Partner university,1,,"42.6550616,23.3585246",593.6391602,"bulevard ""Sveti Kliment Ohridski"" 8, 1756 Studentski Kompleks, Sofia, Bulgaria"
CN YICHANG - China Three Gorges University,China,China,Asien,Asia,"8 Daxue Rd, Xiling Qu, Yichang Shi, Hubei Sheng, China",Partneruni,Partner university,1,,"30.715569,111.311667",120.0848007,"8 Daxue Rd, Xiling Qu, Yichang Shi, Hubei Sheng, China, 443101"
CHN HUBEI - Hubei University of Technology,China,China,Asien,Asia,"1 Huangjiahu W Rd, Hongshan Qu, Wuhan Shi, Hubei Sheng, China",Partneruni,Partner university,1,,"30.4482999,114.266181",30.33603287,"1 Huangjiahu W Rd, Hongshan Qu, Wuhan Shi, Hubei Sheng, China, 430156"
DK ARHUS28 - Aarhus Maskinmesterskole,Dänemark,Denmark,Europa,Europe,"Inge Lehmanns Gade 10, 8000 Aarhus C, Dänemark",Partneruni,Partner university,1,,"56.1586902,10.2155391",2.495439529,"Inge Lehmanns Gade 10, 8000 Aarhus C, Denmark"
DK ODENSE01 - SYDDANSK UNIVERSITET,Dänemark,Denmark,Europa,Europe,"Campusvej 55, 5230 Odense, Dänemark",Partneruni,Partner university,1,,"55.368982,10.4282364",24.07545853,"Campusvej 55, 5230 Odense, Denmark"
DE BERLIN04 - TECHNISCHE FACHHOCHSCHULE BERLIN BEUTH,Deutschland,Germany,Europa,Europe,"Luxemburger Str. 10, 13353 Berlin, Deutschland",Partneruni,Partner university,1,,"52.5442992,13.352809",37.98970795,"Luxemburger Str. 10, 13353 Berlin, Germany"
DDORTMUN02 - FACHHOCHSCHULE DORTMUND,Deutschland,Germany,Europa,Europe,"Sonnenstraße 96, 44139 Dortmund, Deutschland",Partneruni,Partner university,1,,"51.5056431,7.457477699999999",106.7544632,"Sonnenstraße 96, 44139 Dortmund, Germany"
DE JENA01 - FRIEDRICH-SCHILLER-UNIVERSITAET JENA,Deutschland,Germany,Europa,Europe,"Fürstengraben 1, 07743 Jena, Deutschland",Partneruni,Partner university,1,,"50.929274,11.5900592",145.6287994,"Fürstengraben 1, 07743 Jena, Germany"
DE DUSSELD03 - FACHHOCHSCHULE DUESSELDORF,Deutschland,Germany,Europa,Europe,"Geschwister-Aufricht-Straße 9, 40489 Düsseldorf, Deutschland",Partneruni,Partner university,1,,"51.2991618,6.7480723",39.28841019,"Geschwister-Aufricht-Straße 9, 40489 Düsseldorf, Germany"
"DBERLIN14 - Hochschule für Technik und Wirtschaft Berlin, HTW Berlin",Deutschland,Germany,Europa,Europe,"Treskowallee 8, 10318 Berlin, Deutschland",Partneruni,Partner university,1,,"52.49222,13.5264999",38.0953064,"Treskowallee 8, 10318 Berlin, Germany"
DE KAISERS02 - FACHHOCHSCHULE KAISERSLAUTERN,Deutschland,Germany,Europa,Europe,"Campus Kammgarn, Schoenstraße 6, 67659 Kaiserslautern, Deutschland",Partneruni,Partner university,1,,"49.4469475,7.7583127",233.3117981,"Campus Kammgarn, Schoenstraße 6, 67659 Kaiserslautern, Germany"
DE ULM02 - Technische Hochschule Ulm,Deutschland,Germany,Europa,Europe,"Prittwitzstraße 10, 89075 Ulm, Deutschland",Partneruni,Partner university,1,,"48.40885000000001,9.997489999999999",496.6210022,"Prittwitzstraße 10, 89075 Ulm, Germany"
DE REGENSB02 - Fachhochschule Regensburg,Deutschland,Germany,Europa,Europe,"Seybothstraße 2, 93053 Regensburg, Deutschland",Partneruni,Partner university,1,,"49.0033713,12.0950033",366.1622009,"Seybothstraße 2, 93053 Regensburg, Germany"
DE HANNOVE05 - FACHHOCHSCHULE HANNOVER,Deutschland,Germany,Europa,Europe,"Ricklinger Stadtweg 120, 30459 Hannover, Deutschland",Partneruni,Partner university,1,,"52.3544429,9.723168099999999",54.44924545,"Ricklinger Stadtweg 120, 30459 Hannover, Germany"
DE SCHMALK01 - FACHHOCHSCHULE SCHMALKALDEN,Deutschland,Germany,Europa,Europe,"Blechhammer 9, 98574 Schmalkalden, Deutschland",Partneruni,Partner university,1,,"50.717416,10.463766",308.7037964,"Blechhammer 9, 98574 Schmalkalden, Germany"
DJENA02 - FACHHOCHSCHULE JENA,Deutschland,Germany,Europa,Europe,"Ernst-Abbe-Hochschule Jena University of Applied Sciences, Carl-Zeiß-Promenade 2, 07745 Jena, Deutschland",Partneruni,Partner university,1,,"50.91829,11.56868",196.4627838,"Ernst-Abbe-Hochschule Jena University of Applied Sciences, Carl-Zeiß-Promenade 2, 07745 Jena, Germany"
D KOLN 04 - Technische Hochschule Köln,Deutschland,Germany,Europa,Europe,"Ubierring 40, 50678 Köln, Deutschland",Partneruni,Partner university,1,,"50.9214682,6.962965899999999",50.21766281,"Ubierring 40, 50678 Köln, Germany"
D REGENSB02 - Ostbayrische Technische Hochschule Regensburg,Deutschland,Germany,Europa,Europe,"Seybothstraße 2, 93053 Regensburg, Deutschland",Partneruni,Partner university,1,,"49.0033713,12.0950033",366.1622009,"Seybothstraße 2, 93053 Regensburg, Germany"
EE TALLINN04 - TALLINNA TEHNIKAÜLIKOOL,Estland,Estonia,Europa,Europe,"Ehitajate tee 5, 12616 Tallinn, Estland",Partneruni,Partner university,1,,"59.394226,24.6702599",31.77799416,"Ehitajate tee 5, 12616 Tallinn, Estonia"
SF HAMEENL09 - HAMEEN AMMATTIKORKEAKOULU,Finnland,Finland,Europa,Europe,"Vankanlähde 9, 13100 Hämeenlinna, Finnland",Partneruni,Partner university,1,,"60.9758187,24.4803362",82.26763153,"Vankanlähde 9, 13100 Hämeenlinna, Finland"
ROVANIE11 - Lapland University of Applied Sciences,Finnland,Finland,Europa,Europe,"Jokiväylä 11, 96300 Rovaniemi, Finnland",Partneruni,Partner university,1,,"66.4814313,25.7241388",77.23329163,"Jokiväylä 11, 96300 Rovaniemi, Finland"
VAASA13 - Novia University of Applied Sciences,Finnland,Finland,Europa,Europe,"Wolffintie 33, 65200 Vaasa, Finnland",Partneruni,Partner university,1,,"63.10543699999999,21.5958961",9.65049839,"Wolffintie 33, 65200 Vaasa, Finland"
FI TURKU05 - TURUN AMMATTIKORKEAKOULU - ÅBO YRKESHÖGSKOLA,Finnland,Finland,Europa,Europe,"Joukahaisenkatu 3, 20520 Turku, Finnland",Partneruni,Partner university,1,,"60.44882500000001,22.2966101",22.09109497,"Joukahaisenkatu 3, 20520 Turku, Finland"
FI VAASA03 - VAASAN AMMATTIKORKEAKOULU - VASA YRKESHÖGSKOLA,Finnland,Finland,Europa,Europe,"Wolffintie 30, 65200 Vaasa, Finnland",Partneruni,Partner university,1,,"63.1068864,21.5917039",10.31434727,"Wolffintie 30, 65200 Vaasa, Finland"
FCHAMBER01 - Université Savoie Mont Blanc,Frankreich,France,Europa,Europe,"27 Rue Marcoz, 73000 Chambéry, Frankreich",Partneruni,Partner university,1,,"45.56677579999999,5.917622",272.2643433,"27 Rue Marcoz, 73000 Chambéry, France"
FLILLE11 - Université Catholique de Lille,Frankreich,France,Europa,Europe,"60 Boulevard Vauban, 59800 Lille, Frankreich",Partneruni,Partner university,1,,"50.6331207,3.0464865",20.87272835,"Hôtel Académique, 60 Boulevard Vauban, 59800 Lille, France"
FR PAU01 - UNIVERSITE DE PAU ET DES PAYS DE L'ADOUR,Frankreich,France,Europa,Europe,"Avenue de l'Université, 64012 Pau, Frankreich",Partneruni,Partner university,1,,"43.3113349,-0.3644866",211.4895325,"Avenue de l'Université, 64000 Pau, France"
GRKAVALA01 - TECHNOLOGICO EKPAIDEYTIKO IDRYMA TEI KAVALAS,Griechenland,Greece,Europa,Europe,"Αγ. Λουκάς, Kavala 654 04, Griechenland",Partneruni,Partner university,1,,"40.92931859999999,24.3790305",134.044342,"Αγ. Λουκάς, Καβάλα 654 04, Greece"
GRKRITIS04 - TECHNOLOGIKO EKPAIDEUTIKO IDRIMA KRITIS,Griechenland,Greece,Europa,Europe,"Εσταυρωμένος, Iraklio 714 10, Griechenland",Partneruni,Partner university,1,,"35.3193759,25.1024391",59.37255859,"Εσταυρωμένος, Iraklio 714 10, Greece"
UK LOUGHBO01 - LOUGHBOROUGH UNIVERSITY,Vereinigtes Königreich,United Kingdom,Europa,Europe,"Epinal Way, Loughborough LE11 3TU, Vereinigtes Königreich",Partneruni,Partner university,1,,"52.7679306,-1.2227527",44.73973083,"Epinal Way, Loughborough LE11, UK"
IR WATERFO01 - WATERFORD INSTITUTE OF TECHNOLOGY,Irland,Ireland,Europa,Europe,"Cork Rd, Waterford, Irland",Partneruni,Partner university,1,,"52.2463286,-7.143171499999999",21.99942207,"Cork Rd, Waterford, Ireland"
IS REYKJAV05 - Háskólinn í Reykjavík,Island,Ireland,Europa,Europe,"Menntavegur 1, 101 Reykjavík, Island",Partneruni,Partner university,1,,"64.1237262,-21.9254355",12.745965,"Háskólinn í Reykjavík, Menntavegur 1, 101 Reykjavík, Iceland"
ITTORINO02 - POLITECNICO DI TORINO,Italien,Italy,Europa,Europe,"Corso Duca degli Abruzzi, 24, 10129 Torino TO, Italien",Partneruni,Partner university,1,,"45.0629419,7.6610682",249.1430054,"Corso Duca degli Abruzzi, 24, 10129 Torino TO, Italy"
IT BERGAMO01 - UNIVERSITA' DEGLI STUDI DI BERGAMO,Italien,Italy,Europa,Europe,"Piazzale S. Agostino, 1, 24129 Bergamo BG, Italien",Partneruni,Partner university,1,,"45.7048855,9.6712767",310.341156,"Piazzale S. Agostino, 1, 24129 Bergamo BG, Italy"
IT ROMA21 - UNIVERSITÀ TELEMATICA “GUGLIELMO MARCONI”,Italien,Italy,Europa,Europe,"Via Pisa, 53, 76125 Trani BT, Italien",Partneruni,Partner university,1,,"41.2625613,16.4387294",17.25606918,"Via Pisa, 53, 76125 Trani BT, Italy"
IT PERUGIA01 - UNIVERSITA' DEGLI STUDI DI PERUGIA,Italien,Italy,Europa,Europe,"Via del Giochetto, 2, 06122 Perugia PG, Italien",Partneruni,Partner university,1,,"43.1144287,12.403902",430.1567993,"Via del Giochetto, 2, 06134 Perugia PG, Italy"
KOR1 - Korea University,Korea,Korea,Asien,Asia,"145 Anam-ro, Anam-dong, Seongbuk-gu, Seoul, Südkorea",Partneruni,Partner university,1,,"37.5900117,127.0318586",55.49455643,"145 Anam-ro, Anam-dong, Seongbuk-gu, Seoul, South Korea"
KR UNIST - Ulsan National Institute of Science and Technology,Korea,Korea,Asien,Asia,"50 UNIST-gil, Eonyang-eup, Ulju-gun, Ulsan, Südkorea",Partneruni,Partner university,1,,"35.5763317,129.189255",31.69011497,"50 UNIST-gil, Eonyang-eup, Ulju-gun, Ulsan, South Korea"
KRKor2 - Inha University,Korea,Korea,Asien,Asia,"100 Inha-ro, Yonghyeon 1(il).4(sa)-dong, Nam-gu, Incheon, Südkorea",Partneruni,Partner university,1,,"37.4500221,126.653488",19.15410233,"100 Inha-ro, Yonghyeon 1(il).4(sa)-dong, Nam-gu, Incheon, South Korea"
Kor3 - Konkuk University,Korea,Korea,Asien,Asia,"120 Neungdong-ro, Jayang-dong, Gwangjin-gu, Seoul, Südkorea",Partneruni,Partner university,1,,"37.5419717,127.0767285",23.69937897,"120 Neungdong-ro, Hwayang-dong, Gwangjin-gu, Seoul, South Korea"
Kor4 - University of Incheon,Korea,Korea,Asien,Asia,"119 Academy-ro, Songdo 1(il)-dong, Yeonsu-gu, Incheon, Südkorea",Partneruni,Partner university,1,,"37.3750548,126.6328998",-4.820545673,"119 Academy-ro, Songdo 1(il)-dong, Yeonsu-gu, Incheon, South Korea"
HR ZAGREB05 - TEHNICKO VELEUCILISTE U ZAGREBU,Kroatien,Croatia,Europa,Europe,"Avenija Većeslava Holjevca 15, 10010, Zagreb, Kroatien",Partneruni,Partner university,1,,"45.7728664,15.9822593",114.6636353,"Avenija Većeslava Holjevca 15, 10000, Zagreb, Croatia"
LT VILNIUS10 - VILNIAUS KOLEGIJA,Litauen,Lithuania,Europa,Europe,"Saltoniškių g. 58, Vilnius 08105, Litauen",Partneruni,Partner university,1,,"54.6961413,25.2569033",102.9987335,"Saltoniškių g. 58, Vilnius 08105, Lithuania"
MT MALTA01 - UNIVERSITA' TA'MALTA,Malta,Malta,Europa,Europe,"Msida MSD 2080, Malta",Partneruni,Partner university,1,,"35.90232,14.4847432",41.40929794,"Msida, MSD 2080, Malta"
MN MUST - Mongolian University of Science and Technology,Mongolei,Mongolia,Asien,Asia,"Baga Toiruu 34, Sukhbaatar 14191, Mongolei",Partneruni,Partner university,1,,"47.9220461,106.9243809",1305.038696,"8, Baga Toiruu 34, Sukhbaatar 14191, Mongolia"
NL EINDHOV03 - FONTYS HOGESCHOLEN,Niederlande,Netherlands,Europa,Europe,"Dominee Theodor Fliednerstraat 2, 5631 BN Eindhoven, Niederlande",Partneruni,Partner university,1,,"51.4536183,5.4906064",17.25092125,"Dominee Theodor Fliednerstraat 2, 5631 BN Eindhoven, Netherlands"
NL SGRAVE13 - The Hague University of Applied Sciences,Niederlande,Netherlands,Europa,Europe,"Johanna Westerdijkplein 75, 2521 EN Den Haag, Niederlande",Partneruni,Partner university,1,,"52.0670747,4.323974",1.909068704,"Johanna Westerdijkplein 75, 2521 EN Den Haag, Netherlands"
PL LUBLIN03 - POLITECHNIKA LUBELSKA,Polen,Poland,Europa,Europe,"Nadbystrzycka 38D, 20-618 Lublin, Polen",Partneruni,Partner university,1,,"51.2356,22.5502498",185.5827942,"Nadbystrzycka 38D, 20-618 Lublin, Poland"
KRAKOW02 - The AGH University of Science and Technology Krakau,Polen,Poland,Europa,Europe,"aleja Adama Mickiewicza 30, 30-059 Kraków, Polen",Partneruni,Partner university,1,,"50.0645191,19.9236397",206.3901978,"aleja Adama Mickiewicza 30, 33-332 Kraków, Poland"
PT LISBOA109 - Universidade de Lisboa,Portugal,Portugal,Europa,Europe,"Cidade Universitária, Alameda da Universidade, 1649-004 Lisboa, Portugal",Partneruni,Partner university,1,,"38.7526897,-9.1581558",89.34986115,"Alameda da Universidade, 1649-004 Lisboa, Portugal"
PT VILA-RE01 - Universidade de Tras-os-Montes e Alto Douro,Portugal,Portugal,Europa,Europe,"Quinta de Prados, 5001-801 Vila Real, Portugal",Partneruni,Partner university,1,,"41.28738,-7.7389388",450.3946838,"Quinta de Prados, 5001-801 Vila Real, Portugal"
RO CLUJNAP05 - UNIVERSITATEA TEHNICA DIN CLUJ-NAPOCA,Rumänien,Romania,Europa,Europe,"Strada Memorandumului 28, Cluj-Napoca 400114, Rumänien",Partneruni,Partner university,1,,"46.769299,23.585613",350.2715759,"Strada Memorandumului 28, Cluj-Napoca 400000, Romania"
"RO TIMISOA04 - UNIVERSITATEA ""POLITEHNICA"" DIN TIMISOARA",Rumänien,Romania,Europa,Europe,"Piața Victoriei 2, Timișoara 300006, Rumänien",Partneruni,Partner university,1,,"45.7536332,21.2250684",95.15900421,"Palatul Lloyd, Piața Victoriei 2, Timișoara 300006, Romania"
"RO BRASOV01 - Universitatea ""Transilvania"" din Brasov",Rumänien,Romania,Europa,Europe,"Bulevardul Eroilor 29, Brașov 500036, Rumänien",Partneruni,Partner university,1,,"45.64536,25.5891699",585.458252,"Bulevardul Eroilor 29, Brașov 500036, Romania"
RU MOSCOW HSE - National Research University Higher School of Economics,Russland,Russia,Asien,Asia,"Myasnitskaya Ulitsa, 20, Moskva, Russland, 101000",Partneruni,Partner university,1,,"55.7615816,37.633323",167.2225647,"Myasnitskaya Ulitsa, 20, Moskva, Russia, 101000"
SFALUN01 - Högskolan Dalarna,Schweden,Sweden,Europa,Europe,"Högskolegatan 2, 791 31 Falun, Schweden",Partneruni,Partner university,1,,"60.61418320000001,15.6534982",152.0473938,"Dalarna University Hyttan, Högskolegatan 2, 791 31 Falun, Sweden"
SLINKOPI01 - Linköpings Universitet,Schweden,Sweden,Europa,Europe,"581 83 Linköping, Schweden",Partneruni,Partner university,1,,"58.41080700000001,15.6213728",52.50688934,"Linköping, Sweden"
SMIDSWED01 - MITTUNIVERSITETET,Schweden,Sweden,Europa,Europe,"Holmgatan 10, 851 70 Sundsvall, Schweden",Partneruni,Partner university,1,,"62.3946271,17.2842162",1.265393257,"Holmgatan 10, 852 30 Sundsvall, Sweden"
CH BERN11 - Berner Fachhochschule,Schweiz,Switzerland,Europa,Europe,"Falkenpl. 24, 3012 Bern, Schweiz",Partneruni,Partner university,1,,"46.9512998,7.4353379",566.0662842,"Falkenpl. 24, 3012 Bern, Switzerland"
CH ST.GALL08 - HSR Hochschule für Technik Rapperswil,Schweiz,Switzerland,Europa,Europe,"Oberseestrasse 10, 8640 Rapperswil-Jona, Schweiz",Partneruni,Partner university,1,,"47.22363180000001,8.8180845",417.2615051,"Gebäude 2, Oberseestrasse 10, 8640 Rapperswil-Jona, Switzerland"
CH LUZERN14 - Hochschule Luzern – Informatik,Schweiz,Switzerland,Europa,Europe,"Campus Zug, Suurstoffi 1, 6343 Rotkreuz ZG, Schweiz",Partneruni,Partner university,1,,"47.1433232,8.432427299999999",430.7459412,"Campus Zug, Suurstoffi 1, 6343 Rotkreuz ZG, Switzerland"
SK BRATISL02 - UNIVERZITA KOMENSKEHO V BRATISLAVE,Slowakei,Slovakia,Europa,Europe,"Šafárikovo námestie 6, 814 99 Bratislava, Slowakei",Partneruni,Partner university,1,,"48.1412253,17.1161423",141.0956726,"Šafárikovo námestie 6, 811 02 Staré Mesto, Slovakia"
SI MARIBOR01 - UNIVERZA V MARIBORU,Slowenien,Slovakia,Europa,Europe,"Slomškov trg 15, 2000 Maribor, Slowenien",Partneruni,Partner university,1,,"46.5591885,15.6433073",270.8626709,"Slomškov trg 15, 2000 Maribor, Slovenia"
ES VIC01 - UNIVERSITAT DE VIC - FUNDACIO UNIVERSITARIA BALMES,Spanien,Spain,Europa,Europe,"Carrer d’en Perot Rocaguinarda, 08500 Vic, Barcelona, Spanien",Partneruni,Partner university,1,,"41.9292445,2.2465271",495.6424561,"Carrer d’en Perot Rocaguinarda, 08500 Vic, Barcelona, Spain"
EZARAGOZ01 - Universidad de Zaragoza,Spanien,Spain,Europa,Europe,"Calle de Pedro Cerbuna, 12, 50009 Zaragoza, Spanien",Partneruni,Partner university,1,,"41.6420642,-0.9015105999999999",225.1896362,"Calle de Pedro Cerbuna, 12, 50009 Zaragoza, Spain"
ES MADRID14 - UNIVERSIDAD CARLOS III DE MADRID,Spanien,Spain,Europa,Europe,"Calle Madrid, 126, 28903 Getafe, Madrid, Spanien",Partneruni,Partner university,1,,"40.3158475,-3.7266706",632.0744019,"Calle Madrid, 126, 28903 Getafe, Madrid, Spain"
ES LAS-PAL01 - UNIVERSIDAD DE LAS PALMAS DE GRAN CANARIA,Spanien,Spain,Europa,Europe,"Calle Juan de Quesada, 30, 35001 Las Palmas de Gran Canaria, Las Palmas, Spanien",Partneruni,Partner university,1,,"28.0990239,-15.41986",17.85938835,"Calle Juan de Quesada, 30, 35001 Las Palmas de Gran Canaria, Las Palmas, Spain"
ES VALLADO01 - UNIVERSIDAD DE VALLADOLID,Spanien,Spain,Europa,Europe,"C/Plaza de Santa Cruz, 8, 47002 Valladolid, Spanien",Partneruni,Partner university,1,,"41.6515,-4.72013",695.4592285,"Plaza Colegio de Sta. Cruz, 8, 47002 Valladolid, Spain"
EVIGO01 - UNIVERSIDADE DE VIGO,Spanien,Spain,Europa,Europe,"Circunvalación ao Campus Universitario, 36310 Vigo, Pontevedra, Spanien",Partneruni,Partner university,1,,"42.1642334,-8.6835098",381.2698975,"Circunvalación ao Campus Universitario, 36310 Vigo, Pontevedra, Spain"
ES PAMPLON02 - Universidad pública de Navarra,Spanien,Spain,Europa,Europe,"Campus de Arrosadia, s/n, 31006 Pamplona, Navarra, Spanien",Partneruni,Partner university,1,,"42.8005401,-1.636785",432.2827759,"Calle Cataluña, s/n, 31006 Pamplona, Navarra, Spain"
ES VALENCI02 - UNIVERSIDAD POLITÉCNICA DE VALENCIA,Spanien,Spain,Europa,Europe,"Camí de Vera, s/n, 46022 València, Spanien",Partneruni,Partner university,1,,"39.4840797,-0.3419214",4.863963127,"Camí de Vera, 46022 València, Valencia, Spain"
TWN NTUST - National Taiwan University of Science and Technology,Taiwan,Taiwan,Asien,Asia,"No. 43號, Section 4, Keelung Rd, Da’an District, Taipei City, Taiwan 106",Partneruni,Partner university,1,,"25.0134269,121.5420342",18.44586563,"No. 43號, Section 4, Keelung Rd, Da’an District, Taipei City, Taiwan 106"
TWN NTUT - National Taipei University of Technology,Taiwan,Taiwan,Asien,Asia,"No. 1號, Section 3, Zhongxiao E Rd, Da’an District, Taipei City, Taiwan 106",Partneruni,Partner university,1,,"25.0420752,121.5382937",11.45772076,"No. 1, Section 3, Zhongxiao E Rd, Da’an District, Taipei City, Taiwan 106"
TWN KAOHS - National Kaohsiung University of Science and Technology,Taiwan,Taiwan,Asien,Asia,"No. 415號, Jiangong Road, Sanmin District, Kaohsiung City, Taiwan 807",Partneruni,Partner university,1,,"22.6489458,120.3283157",14.34074879,"No. 415號, Jiangong Road, Sanmin District, Kaohsiung City, Taiwan 807"
- King Mongkut's University of Technology North Bankok,Thailand,Thailand,Asien,Asia,"1518​ ถนน​ประชา​ราษฎร์​1​ Wong Sawang, Bang Sue, Bangkok 10800, Thailand",Partneruni,Partner university,1,,"13.8255153,100.5288111",9.034718513,"1518 ซอย ไชยประชา Khwaeng Wong Sawang, Khet Bang Sue, Krung Thep Maha Nakhon 10800, Thailand"
CZ BRNO01 - Brno University of Technology,Tschechien,Czech Republic,Europa,Europe,"1 548 Antonínská Brno-střed Brno Česká republika, 601 90 Brno-střed, Tschechien",Partneruni,Partner university,1,,"49.2015407,16.603619",226.5298767,"1, Antonínská 548/1, 602 00 Brno-střed-Veveří, Czechia"
CZ PRAHA10 - Czech Technical University,Tschechien,Czech Republic,Europa,Europe,"Zikova 1903/4, 166 36 Praha 6, Tschechien",Partneruni,Partner university,1,,"50.1013956,14.392027",219.8262024,"Zikova 1903/2, 160 00 Praha 6-Dejvice, Czechia"
CZ JIHLAVA02 - VYSOKA SKOLA POLYTECHNICKA JIHLAVA,Tschechien,Czech Republic,Europa,Europe,"Tolstého 1556/16, 586 01 Jihlava, Tschechien",Partneruni,Partner university,1,,"49.3989111,15.5824503",517.6283569,"Tolstého 1556/16, 586 01 Jihlava, Czechia"
TR ISTANBU01 - BOGAZICI ÜNIVERSITESI,Türkei,Turkey,Asien,Asia,"Bebek, 34342 Beşiktaş/Istanbul, Türkei",Partneruni,Partner university,1,,"41.0777437,29.0416286",31.76642227,"Bebek, 34342 Beşiktaş/İstanbul, Turkey"
TR ISTANBU10 - ISTANBUL TICARET UNIVERSITESI,Türkei,Turkey,Asien,Asia,"Küçükyalı, İnönü Cd. No:4, 34854 Kadıköy/İstanbul, Türkei",Partneruni,Partner university,1,,"40.979822,29.078581",57.11481094,"Sahrayı Cedit, İnönü Cd. No:4, 34734 Kadıköy/İstanbul, Turkey"
HU DEBRECE01 - Debrecen University,Ungarn,Hungary,Europa,Europe,"Debrecen, Egyetem tér 1, 4032 Ungarn",Partneruni,Partner university,1,,"47.55404679999999,21.6215226",132.9751282,"Debrecen, Egyetem tér 1, 4032 Hungary"
HU GYOR01 - Széchenyi István University,Ungarn,Hungary,Europa,Europe,"Győr, Egyetem tér 1, 9026 Ungarn",Partneruni,Partner university,1,,"47.6943519,17.6255607",114.3458099,"Győr, Egyetem tér 1, 9026 Hungary"
CY NICOSIA01 - PANEPISTIMIO KYPROU,Zypern,Cyprus,Europa,Europe,"Kallipoleos 75, Nicosia 1678, Zypern",Partneruni,Partner university,1,,"35.1595648,33.3753658",170.1233368,"Kallipoleos 75, Nicosia, Cyprus"